database,table,count
sundew_review_test_m1verified,conjugation_attempts,0
sundew_review_test_m1verified,documents,0
sundew_review_test_m1verified,errors,0
sundew_review_test_m1verified,grammar_points,0
sundew_review_test_m1verified,micro_drills,0
sundew_review_test_m1verified,quiz_attempts,0
sundew_review_test_m1verified,quiz_passages,0
sundew_review_test_m1verified,quiz_question_attempts,0
sundew_review_test_m1verified,quiz_questions,0
sundew_review_test_m1verified,quiz_sets,0
sundew_review_test_m1verified,reading_sessions,0
sundew_review_test_m1verified,rules,0
sundew_review_test_m1verified,speaking_assessments,0
sundew_review_test_m1verified,speaking_assets,0
sundew_review_test_m1verified,speaking_follow_ups,0
sundew_review_test_m1verified,speaking_operations,0
sundew_review_test_m1verified,speaking_prompts,0
sundew_review_test_m1verified,speaking_scripts,0
sundew_review_test_m1verified,speaking_sessions,0
sundew_review_test_m1verified,speaking_simulations,0
sundew_review_test_m1verified,speaking_turns,0
sundew_review_test_m1verified,submissions,0
sundew_review_test_m1verified,tcf_attempts,0
sundew_review_test_m1verified,tcf_question_attempts,0
sundew_review_test_m1verified,tcf_questions,0
sundew_review_test_m1verified,tcf_sets,0
sundew_review_test_m1verified,user_settings,0
sundew_review_test_m1verified,user_vocabulary,0
sundew_review_test_m1verified,user_vocabulary_aliases,0
sundew_review_test_m1verified,users,1
sundew_review_test_m1verified,vocabulary_aliases,0
sundew_review_test_m1verified,vocabulary_gaps,0
sundew_review_test_m1verified,vocabulary_lookups,0
sundew_review_test_m1verified,vocabulary_occurrences,0
sundew_review_test_m1verified,vocabulary_review_attempts,0
sundew_review_test_m1verified,writing_tasks,0
sundew_review_test_m1verified_pop,conjugation_attempts,4
sundew_review_test_m1verified_pop,documents,0
sundew_review_test_m1verified_pop,errors,1
sundew_review_test_m1verified_pop,grammar_points,0
sundew_review_test_m1verified_pop,micro_drills,4
sundew_review_test_m1verified_pop,quiz_attempts,5
sundew_review_test_m1verified_pop,quiz_passages,3
sundew_review_test_m1verified_pop,quiz_question_attempts,5
sundew_review_test_m1verified_pop,quiz_questions,5
sundew_review_test_m1verified_pop,quiz_sets,3
sundew_review_test_m1verified_pop,reading_sessions,0
sundew_review_test_m1verified_pop,rules,0
sundew_review_test_m1verified_pop,speaking_assessments,0
sundew_review_test_m1verified_pop,speaking_assets,0
sundew_review_test_m1verified_pop,speaking_follow_ups,0
sundew_review_test_m1verified_pop,speaking_operations,0
sundew_review_test_m1verified_pop,speaking_prompts,0
sundew_review_test_m1verified_pop,speaking_scripts,0
sundew_review_test_m1verified_pop,speaking_sessions,0
sundew_review_test_m1verified_pop,speaking_simulations,0
sundew_review_test_m1verified_pop,speaking_turns,0
sundew_review_test_m1verified_pop,submissions,2
sundew_review_test_m1verified_pop,tcf_attempts,1
sundew_review_test_m1verified_pop,tcf_question_attempts,4
sundew_review_test_m1verified_pop,tcf_questions,1
sundew_review_test_m1verified_pop,tcf_sets,1
sundew_review_test_m1verified_pop,user_settings,0
sundew_review_test_m1verified_pop,user_vocabulary,2
sundew_review_test_m1verified_pop,user_vocabulary_aliases,0
sundew_review_test_m1verified_pop,users,3
sundew_review_test_m1verified_pop,vocabulary_aliases,0
sundew_review_test_m1verified_pop,vocabulary_gaps,2
sundew_review_test_m1verified_pop,vocabulary_lookups,1
sundew_review_test_m1verified_pop,vocabulary_occurrences,0
sundew_review_test_m1verified_pop,vocabulary_review_attempts,2
sundew_review_test_m1verified_pop,writing_tasks,2
sundew_review_test_m1verified_restore,conjugation_attempts,2
sundew_review_test_m1verified_restore,documents,0
sundew_review_test_m1verified_restore,errors,2
sundew_review_test_m1verified_restore,grammar_points,0
sundew_review_test_m1verified_restore,micro_drills,2
sundew_review_test_m1verified_restore,quiz_attempts,2
sundew_review_test_m1verified_restore,quiz_passages,3
sundew_review_test_m1verified_restore,quiz_question_attempts,0
sundew_review_test_m1verified_restore,quiz_questions,5
sundew_review_test_m1verified_restore,quiz_sets,3
sundew_review_test_m1verified_restore,reading_sessions,0
sundew_review_test_m1verified_restore,rules,0
sundew_review_test_m1verified_restore,speaking_assessments,0
sundew_review_test_m1verified_restore,speaking_assets,0
sundew_review_test_m1verified_restore,speaking_follow_ups,0
sundew_review_test_m1verified_restore,speaking_operations,0
sundew_review_test_m1verified_restore,speaking_prompts,0
sundew_review_test_m1verified_restore,speaking_scripts,0
sundew_review_test_m1verified_restore,speaking_sessions,0
sundew_review_test_m1verified_restore,speaking_simulations,0
sundew_review_test_m1verified_restore,speaking_turns,0
sundew_review_test_m1verified_restore,submissions,2
sundew_review_test_m1verified_restore,tcf_attempts,1
sundew_review_test_m1verified_restore,tcf_question_attempts,1
sundew_review_test_m1verified_restore,tcf_questions,1
sundew_review_test_m1verified_restore,tcf_sets,1
sundew_review_test_m1verified_restore,user_settings,0
sundew_review_test_m1verified_restore,user_vocabulary,2
sundew_review_test_m1verified_restore,user_vocabulary_aliases,0
sundew_review_test_m1verified_restore,users,3
sundew_review_test_m1verified_restore,vocabulary_aliases,0
sundew_review_test_m1verified_restore,vocabulary_gaps,2
sundew_review_test_m1verified_restore,vocabulary_lookups,1
sundew_review_test_m1verified_restore,vocabulary_occurrences,0
sundew_review_test_m1verified_restore,vocabulary_review_attempts,0
sundew_review_test_m1verified_restore,writing_tasks,2
sundew_review_test_m1verified_recovery,conjugation_attempts,2
sundew_review_test_m1verified_recovery,documents,0
sundew_review_test_m1verified_recovery,errors,2
sundew_review_test_m1verified_recovery,grammar_points,0
sundew_review_test_m1verified_recovery,micro_drills,2
sundew_review_test_m1verified_recovery,quiz_attempts,2
sundew_review_test_m1verified_recovery,quiz_passages,3
sundew_review_test_m1verified_recovery,quiz_question_attempts,0
sundew_review_test_m1verified_recovery,quiz_questions,5
sundew_review_test_m1verified_recovery,quiz_sets,3
sundew_review_test_m1verified_recovery,reading_sessions,0
sundew_review_test_m1verified_recovery,rules,0
sundew_review_test_m1verified_recovery,speaking_assessments,0
sundew_review_test_m1verified_recovery,speaking_assets,0
sundew_review_test_m1verified_recovery,speaking_follow_ups,0
sundew_review_test_m1verified_recovery,speaking_operations,0
sundew_review_test_m1verified_recovery,speaking_prompts,0
sundew_review_test_m1verified_recovery,speaking_scripts,0
sundew_review_test_m1verified_recovery,speaking_sessions,0
sundew_review_test_m1verified_recovery,speaking_simulations,0
sundew_review_test_m1verified_recovery,speaking_turns,0
sundew_review_test_m1verified_recovery,submissions,2
sundew_review_test_m1verified_recovery,tcf_attempts,1
sundew_review_test_m1verified_recovery,tcf_question_attempts,1
sundew_review_test_m1verified_recovery,tcf_questions,1
sundew_review_test_m1verified_recovery,tcf_sets,1
sundew_review_test_m1verified_recovery,user_settings,0
sundew_review_test_m1verified_recovery,user_vocabulary,2
sundew_review_test_m1verified_recovery,user_vocabulary_aliases,0
sundew_review_test_m1verified_recovery,users,3
sundew_review_test_m1verified_recovery,vocabulary_aliases,0
sundew_review_test_m1verified_recovery,vocabulary_gaps,2
sundew_review_test_m1verified_recovery,vocabulary_lookups,1
sundew_review_test_m1verified_recovery,vocabulary_occurrences,0
sundew_review_test_m1verified_recovery,vocabulary_review_attempts,0
sundew_review_test_m1verified_recovery,writing_tasks,2
